Date,open,close,high,low,volume,money
2017-01-13,6.95,6.95,6.95,6.95,28542.0,198441.0
2017-01-16,7.65,7.65,7.65,7.65,12038.0,92079.0
2017-01-17,8.41,8.41,8.41,8.41,13890.0,116865.0
2017-01-18,9.26,9.26,9.26,9.26,6791.0,62854.0
2017-01-19,10.18,10.18,10.18,10.18,34570.0,352016.0
2017-01-20,11.2,11.2,11.2,11.2,127786.0,1431198.0
2017-01-23,12.32,12.32,12.32,12.32,80252.0,988780.0
2017-01-24,13.55,13.55,13.55,13.55,48769.0,660914.0
2017-01-25,14.91,14.91,14.91,14.91,154331.0,2300500.0
2017-01-26,16.4,16.4,16.4,16.4,280266.0,4595388.0
2017-02-03,18.04,18.04,18.04,18.04,362679.0,6541225.0
2017-02-06,19.84,19.84,19.84,19.84,1097297.0,21770820.0
2017-02-07,21.82,21.82,21.82,21.82,581617.0,12692712.0
2017-02-08,24.01,24.01,24.01,24.01,249045.0,5978759.0
2017-02-09,26.41,26.41,26.41,25.28,26419627.0,688110111.0
2017-02-10,26.56,24.87,26.56,24.69,29765005.0,762624420.0
2017-02-13,24.67,25.34,25.91,24.67,19781869.0,502624482.0
2017-02-14,25.76,25.96,27.38,25.63,18701873.0,491542235.0
2017-02-15,25.65,25.94,26.98,25.63,17196237.0,451098924.0
2017-02-16,25.63,25.22,25.74,24.97,11779650.0,298202841.0
2017-02-17,25.17,24.54,25.73,24.48,8224851.0,205975875.0
2017-02-20,24.3,24.38,24.68,23.33,9238941.0,221550359.0
2017-02-21,24.07,24.77,25.1,23.91,4731805.0,116708253.0
2017-02-22,24.62,25.72,25.75,24.49,6833405.0,171878338.0
2017-02-23,25.76,25.8,26.69,25.35,8373608.0,217830999.0
2017-02-24,25.53,25.91,26.56,25.37,5876040.0,152694244.0
2017-02-27,25.79,25.14,25.79,24.91,4716060.0,119146166.0
2017-02-28,24.99,25.85,26.14,24.99,4323256.0,110760046.0
2017-03-01,25.98,26.4,26.78,25.65,6738698.0,176889688.0
2017-03-02,26.47,25.98,26.63,25.66,4923334.0,128538151.0
2017-03-03,25.99,26.55,26.76,25.76,5347492.0,140616600.0
2017-03-06,26.83,28.22,28.38,26.65,9240003.0,253676209.0
2017-03-07,28.09,27.89,28.31,27.54,5956540.0,165914831.0
2017-03-08,27.7,26.52,27.95,26.18,9600441.0,259219438.0
2017-03-09,26.26,26.05,26.53,25.76,5631348.0,146528365.0
2017-03-10,26.03,26.18,26.24,25.82,3675879.0,95889024.0
2017-03-13,26.18,26.68,26.71,25.6,4746198.0,124458393.0
2017-03-14,26.56,26.69,27.34,26.42,5397354.0,145389105.0
2017-03-15,26.66,27.56,28.83,26.45,9539455.0,265008145.0
2017-03-16,27.61,28.32,28.45,27.58,7664057.0,214802843.0
2017-03-17,28.37,27.56,28.62,27.47,7331935.0,204549054.0
2017-03-20,27.54,28.21,28.22,27.28,5355292.0,149142310.0
2017-03-21,28.27,29.3,29.96,28.16,7639012.0,223371351.0
2017-03-22,29.0,30.54,30.94,28.88,8190009.0,244850913.0
2017-03-23,30.55,29.3,30.55,28.8,7314786.0,217197108.0
2017-03-24,29.15,31.26,31.74,29.14,8589999.0,265038875.0
2017-03-27,30.0,30.18,30.52,29.42,7456157.0,223081045.0
2017-03-28,30.02,28.75,30.29,28.3,6945533.0,202619513.0
2017-03-29,28.4,27.51,28.77,27.22,4728706.0,132058932.0
2017-03-30,27.28,27.71,28.25,27.26,5161884.0,143421821.0
2017-03-31,27.72,26.57,28.25,26.24,4778241.0,129469709.0
2017-04-05,26.53,26.84,26.98,25.46,2919951.0,76894209.0
2017-04-06,26.83,27.08,27.76,26.5,2667295.0,72649764.0
2017-04-07,26.92,26.49,27.25,26.27,2351394.0,62927955.0
2017-04-10,26.21,23.91,26.21,23.88,4761434.0,118321481.0
2017-04-11,24.14,24.99,25.04,24.03,3398690.0,83346066.0
2017-04-12,24.91,24.45,24.91,24.24,1601655.0,39395587.0
2017-04-13,24.49,24.9,25.3,24.49,1722688.0,43029423.0
2017-04-14,24.84,24.46,24.91,24.3,1266756.0,31090206.0
2017-04-17,23.33,22.91,23.33,22.32,2140886.0,49043115.0
2017-04-18,22.71,22.44,23.22,22.35,1056744.0,24125817.0
2017-04-19,22.44,23.15,23.28,22.38,1510596.0,34556432.0
2017-04-20,23.11,23.01,23.57,22.75,1088191.0,25203976.0
2017-04-21,23.09,23.36,23.63,23.09,1027230.0,24012942.0
2017-04-24,23.64,22.69,23.64,22.22,1912475.0,43405480.0
2017-04-25,22.47,22.7,22.96,22.36,1275704.0,28960317.0
2017-04-26,22.45,22.75,23.29,22.42,1442690.0,32902026.0
2017-04-27,22.68,23.55,23.66,22.24,2527789.0,58110330.0
2017-04-28,23.38,23.48,23.63,23.33,1406555.0,33032882.0
2017-05-02,23.61,23.26,23.61,23.1,1111634.0,25879439.0
2017-05-03,23.09,23.16,23.44,22.7,1171987.0,26984459.0
2017-05-04,23.12,22.58,23.12,22.55,900370.0,20528360.0
2017-05-05,22.38,22.35,22.6,22.03,984770.0,22038367.0
2017-05-08,22.52,21.29,22.52,21.27,1844397.0,40176268.0
2017-05-09,21.14,21.22,21.37,20.63,2089648.0,43924687.0
2017-05-10,21.13,21.02,21.6,20.93,1663517.0,35583742.0
2017-05-11,20.85,21.93,21.94,20.85,1999361.0,42720067.0
2017-05-12,21.93,21.99,22.13,21.67,1072446.0,23470669.0
2017-05-15,22.05,22.18,23.16,22.03,2325772.0,52611609.0
2017-05-16,21.84,22.28,22.48,20.99,4106356.0,88542899.0
2017-05-17,22.07,22.43,22.97,22.07,2787214.0,62783666.0
2017-05-18,21.98,22.07,22.59,21.98,1156554.0,25768320.0
2017-05-19,22.19,22.57,22.83,22.1,2067112.0,46722307.0
2017-05-22,22.36,20.72,22.56,20.71,2623527.0,56568769.0
2017-05-23,20.5,20.6,21.52,20.5,2280304.0,47589148.0
2017-05-24,20.63,20.49,20.84,19.87,1575197.0,32053211.0
2017-05-25,20.54,20.34,20.81,19.5,2483316.0,49691881.0
2017-05-26,20.18,20.47,20.67,20.18,1354568.0,27669719.0
2017-05-31,20.99,20.51,21.38,20.49,1984678.0,41662639.0
2017-06-01,20.13,19.59,20.39,19.57,1722752.0,34383151.0
2017-06-02,19.57,20.13,20.3,19.32,1251896.0,24935733.0
2017-06-05,20.45,20.56,20.93,20.17,1538078.0,31835628.0
2017-06-06,20.56,20.48,20.61,20.21,924134.0,18881230.0
2017-06-07,20.5,21.21,21.4,20.5,1788745.0,37651356.0
2017-06-08,21.23,21.1,21.36,20.94,1522324.0,32157529.0
2017-06-09,21.16,21.27,21.44,20.99,1586050.0,33695958.0
2017-06-12,20.94,20.58,21.04,20.57,1141816.0,23778933.0
2017-06-13,20.61,21.05,21.32,20.45,927886.0,19499706.0
2017-06-14,21.05,21.63,22.07,20.88,1964103.0,42628317.0
2017-06-15,21.5,21.89,22.17,21.49,2006617.0,44088237.0
2017-06-16,21.94,21.33,21.99,21.23,2016776.0,43216229.0
2017-06-19,21.35,21.19,21.45,21.0,1092026.0,23155205.0
2017-06-20,21.4,21.12,21.4,21.06,979724.0,20805140.0
2017-06-21,21.22,21.03,21.28,20.87,900763.0,18938826.0
2017-06-22,21.03,20.38,21.06,20.32,1555328.0,32305671.0
2017-06-23,20.39,20.33,20.61,19.86,1327066.0,26854865.0
2017-06-26,20.34,20.48,20.57,19.99,758719.0,15418234.0
2017-06-27,20.53,20.5,20.72,20.42,604080.0,12429958.0
2017-06-28,20.5,20.2,20.5,20.08,636425.0,12877629.0
2017-06-29,20.29,20.34,20.47,20.19,520599.0,10586838.0
2017-06-30,20.27,20.63,20.75,20.19,734072.0,15064525.0
2017-07-03,20.65,20.97,21.06,20.55,781709.0,16311710.0
2017-07-04,20.94,20.93,21.06,20.72,637965.0,13320786.0
2017-07-05,20.95,21.12,21.19,20.8,1003503.0,21115671.0
2017-07-06,21.18,21.12,21.18,20.83,970424.0,20447180.0
2017-07-07,21.18,22.06,22.3,21.12,2681110.0,58926845.0
2017-07-10,21.75,21.67,22.23,21.59,2101049.0,45964319.0
2017-07-11,21.83,20.59,21.83,20.55,2274002.0,47640552.0
2017-07-12,20.74,20.81,20.84,20.19,1347397.0,27609818.0
2017-07-13,20.78,20.42,20.94,20.34,773641.0,15871190.0
2017-07-14,20.42,20.11,20.53,20.05,857796.0,17373081.0
2017-07-17,19.95,18.37,19.95,18.18,2669946.0,50234165.0
2017-07-18,18.39,18.54,18.65,18.22,671413.0,12397843.0
2017-07-19,18.48,18.54,18.62,18.21,967264.0,17855586.0
2017-07-20,18.54,18.42,18.86,18.34,804926.0,14990228.0
2017-07-21,18.41,17.49,18.41,17.42,1538152.0,27381094.0
2017-07-24,17.12,17.83,17.94,17.09,858372.0,15056644.0
2017-07-25,18.18,18.08,18.18,17.72,691346.0,12415155.0
2017-07-26,18.08,18.63,18.66,17.92,875577.0,16159907.0
2017-07-27,18.56,18.95,19.32,18.19,1176462.0,22166515.0
2017-07-28,18.83,18.55,18.92,18.51,609381.0,11370602.0
2017-07-31,18.45,18.53,18.67,18.44,328751.0,6101477.0
2017-08-01,18.53,18.56,18.72,18.35,481955.0,8914350.0
2017-08-02,18.58,18.52,18.7,18.08,587615.0,10766143.0
2017-08-03,18.35,18.51,18.83,18.23,507347.0,9421220.0
2017-08-04,18.52,18.4,18.52,18.23,356096.0,6540370.0
2017-08-07,18.37,18.46,18.6,18.37,268611.0,4969560.0
2017-08-08,18.37,18.32,18.45,18.1,510218.0,9319227.0
2017-08-09,18.31,18.2,18.33,18.05,419036.0,7608027.0
2017-08-10,18.09,17.91,18.26,17.87,509294.0,9185100.0
2017-08-11,17.85,17.85,17.97,17.64,339461.0,6062417.0
2017-08-14,17.82,18.28,18.65,17.82,778933.0,14259398.0
2017-08-15,18.34,18.53,18.55,18.24,696072.0,12834139.0
2017-08-16,18.55,19.1,19.31,18.34,1483550.0,28146059.0
2017-08-17,19.01,19.47,19.76,18.83,1498457.0,28963453.0
2017-08-18,19.19,19.15,19.53,19.0,526760.0,10102723.0
2017-08-21,19.03,19.42,19.47,19.02,732446.0,14090139.0
2017-08-22,19.62,19.2,19.62,19.06,523680.0,10127252.0
2017-08-23,19.3,19.21,19.3,18.86,546805.0,10424597.0
2017-08-24,19.14,18.83,19.31,18.79,738388.0,14095516.0
2017-08-25,18.89,19.22,19.32,18.76,617967.0,11773853.0
2017-08-28,19.44,19.92,19.99,19.19,2071920.0,41015168.0
2017-08-29,19.91,20.63,20.92,19.91,1993392.0,41015298.0
2017-08-30,20.37,19.97,20.71,19.84,1300906.0,26190319.0
2017-08-31,20.12,20.65,20.84,20.04,1319463.0,27093073.0
2017-09-01,20.69,20.8,21.03,20.56,1203231.0,25085360.0
2017-09-04,20.85,20.78,21.2,20.68,1211034.0,25360563.0
2017-09-05,20.78,20.79,20.93,20.54,857910.0,17774091.0
2017-09-06,20.64,21.36,21.42,20.26,1514460.0,31589430.0
2017-09-07,21.42,21.22,21.62,21.11,1556037.0,33232665.0
2017-09-08,21.19,21.0,21.42,20.92,948877.0,20047003.0
2017-09-11,21.0,21.0,21.0,21.0,0.0,0.0
2017-09-12,21.0,21.0,21.0,21.0,0.0,0.0
2017-09-13,21.0,21.0,21.0,21.0,0.0,0.0
2017-09-14,21.0,21.0,21.0,21.0,0.0,0.0
2017-09-15,21.0,21.0,21.0,21.0,0.0,0.0
2017-09-18,21.0,21.0,21.0,21.0,0.0,0.0
2017-09-19,21.0,21.0,21.0,21.0,0.0,0.0
2017-09-20,21.0,21.0,21.0,21.0,0.0,0.0
2017-09-21,21.0,21.0,21.0,21.0,0.0,0.0
2017-09-22,21.0,21.0,21.0,21.0,0.0,0.0
2017-09-25,21.0,21.0,21.0,21.0,0.0,0.0
2017-09-26,21.0,21.0,21.0,21.0,0.0,0.0
2017-09-27,21.0,21.0,21.0,21.0,0.0,0.0
2017-09-28,21.0,21.0,21.0,21.0,0.0,0.0
2017-09-29,21.0,21.0,21.0,21.0,0.0,0.0
2017-10-09,21.0,21.0,21.0,21.0,0.0,0.0
2017-10-10,21.0,21.0,21.0,21.0,0.0,0.0
2017-10-11,21.0,21.0,21.0,21.0,0.0,0.0
2017-10-12,21.0,21.0,21.0,21.0,0.0,0.0
2017-10-13,21.0,21.0,21.0,21.0,0.0,0.0
2017-10-16,21.0,21.0,21.0,21.0,0.0,0.0
2017-10-17,21.0,21.0,21.0,21.0,0.0,0.0
2017-10-18,21.0,21.0,21.0,21.0,0.0,0.0
2017-10-19,21.0,21.0,21.0,21.0,0.0,0.0
2017-10-20,21.0,21.0,21.0,21.0,0.0,0.0
2017-10-23,21.0,21.0,21.0,21.0,0.0,0.0
2017-10-24,21.0,21.0,21.0,21.0,0.0,0.0
2017-10-25,21.0,21.0,21.0,21.0,0.0,0.0
2017-10-26,21.0,21.0,21.0,21.0,0.0,0.0
2017-10-27,21.0,21.0,21.0,21.0,0.0,0.0
2017-10-30,21.0,21.0,21.0,21.0,0.0,0.0
2017-10-31,21.0,21.0,21.0,21.0,0.0,0.0
2017-11-01,21.0,21.0,21.0,21.0,0.0,0.0
2017-11-02,21.0,21.0,21.0,21.0,0.0,0.0
2017-11-03,21.0,21.0,21.0,21.0,0.0,0.0
2017-11-06,21.0,21.0,21.0,21.0,0.0,0.0
2017-11-07,21.0,21.0,21.0,21.0,0.0,0.0
2017-11-08,21.0,21.0,21.0,21.0,0.0,0.0
2017-11-09,21.0,21.0,21.0,21.0,0.0,0.0
2017-11-10,21.0,21.0,21.0,21.0,0.0,0.0
2017-11-13,21.0,21.0,21.0,21.0,0.0,0.0
2017-11-14,21.0,21.0,21.0,21.0,0.0,0.0
2017-11-15,21.0,21.0,21.0,21.0,0.0,0.0
2017-11-16,21.0,21.0,21.0,21.0,0.0,0.0
2017-11-17,21.0,21.0,21.0,21.0,0.0,0.0
2017-11-20,21.0,21.0,21.0,21.0,0.0,0.0
2017-11-21,21.0,21.0,21.0,21.0,0.0,0.0
2017-11-22,21.0,21.0,21.0,21.0,0.0,0.0
2017-11-23,21.0,21.0,21.0,21.0,0.0,0.0
2017-11-24,21.0,21.0,21.0,21.0,0.0,0.0
2017-11-27,21.0,21.0,21.0,21.0,0.0,0.0
2017-11-28,21.0,21.0,21.0,21.0,0.0,0.0
2017-11-29,21.0,21.0,21.0,21.0,0.0,0.0
2017-11-30,21.0,21.0,21.0,21.0,0.0,0.0
2017-12-01,21.0,21.0,21.0,21.0,0.0,0.0
2017-12-04,21.0,21.0,21.0,21.0,0.0,0.0
2017-12-05,21.0,21.0,21.0,21.0,0.0,0.0
2017-12-06,21.0,21.0,21.0,21.0,0.0,0.0
2017-12-07,21.0,21.0,21.0,21.0,0.0,0.0
2017-12-08,21.0,21.0,21.0,21.0,0.0,0.0
2017-12-11,21.0,21.0,21.0,21.0,0.0,0.0
2017-12-12,21.0,21.0,21.0,21.0,0.0,0.0
2017-12-13,21.0,21.0,21.0,21.0,0.0,0.0
2017-12-14,21.0,21.0,21.0,21.0,0.0,0.0
2017-12-15,21.0,21.0,21.0,21.0,0.0,0.0
2017-12-18,21.0,21.0,21.0,21.0,0.0,0.0
2017-12-19,21.0,21.0,21.0,21.0,0.0,0.0
2017-12-20,19.33,20.09,21.78,19.25,3239433.0,66798389.0
2017-12-21,19.39,21.0,21.44,19.39,2343897.0,48262117.0
2017-12-22,20.94,20.58,21.0,20.09,1286071.0,26435592.0
2017-12-25,20.38,19.73,20.45,19.7,1108352.0,22214584.0
2017-12-26,19.8,20.0,20.21,19.68,896416.0,17916325.0
2017-12-27,20.02,20.13,20.58,19.84,954329.0,19401533.0
2017-12-28,20.33,20.92,21.54,20.14,1126835.0,23610494.0
2017-12-29,21.1,20.68,21.39,20.29,932744.0,19261331.0
2018-01-02,20.68,20.79,21.26,20.68,884710.0,18537012.0
2018-01-03,20.93,20.47,21.03,20.35,755639.0,15548376.0
2018-01-04,20.45,21.23,21.25,20.45,1538805.0,32314458.0
2018-01-05,21.1,21.69,21.76,21.1,1484918.0,32017264.0
2018-01-08,21.53,23.05,23.2,21.3,3206776.0,72909366.0
2018-01-09,22.66,23.03,23.12,22.56,1454803.0,33185345.0
2018-01-10,22.85,24.14,25.28,22.77,3354599.0,81272720.0
2018-01-11,24.51,23.62,24.51,23.41,1763870.0,42192291.0
2018-01-12,23.68,22.94,23.68,22.72,1364777.0,31431424.0
2018-01-15,22.91,23.24,24.54,22.76,2087516.0,49312388.0
2018-01-16,22.92,23.04,23.68,22.89,946936.0,22030360.0
2018-01-17,23.09,23.05,23.34,22.12,1033679.0,23476259.0
2018-01-18,22.91,23.09,23.46,22.66,452927.0,10455522.0
2018-01-19,23.18,22.98,23.18,22.3,864980.0,19702860.0
2018-01-22,22.08,22.26,23.22,21.29,2931574.0,64698529.0
2018-01-23,22.08,22.61,23.01,22.01,723901.0,16409479.0
2018-01-24,23.05,22.81,23.05,22.43,523609.0,11929209.0
2018-01-25,22.72,23.15,23.31,22.72,1224471.0,28222294.0
2018-01-26,23.02,23.44,23.85,23.02,1578731.0,37199648.0
2018-01-29,23.21,22.4,23.54,22.0,1176354.0,26553299.0
2018-01-30,22.46,22.31,22.46,22.05,580976.0,12890202.0
2018-01-31,22.18,22.07,22.87,21.95,896416.0,19897832.0
2018-02-01,21.44,21.21,22.32,21.15,986674.0,21408103.0
2018-02-02,21.17,22.15,22.4,20.78,998666.0,21750557.0
2018-02-05,21.89,21.38,22.14,21.2,645974.0,14053398.0
2018-02-06,21.09,20.62,21.37,20.61,662285.0,13842235.0
2018-02-07,20.87,21.7,21.9,20.63,834483.0,17837005.0
2018-02-08,21.7,22.88,23.05,21.43,978927.0,22125487.0
2018-02-09,22.41,22.7,23.21,22.14,1430877.0,32486801.0
2018-02-12,22.7,23.2,23.2,22.42,1166875.0,26787226.0
2018-02-13,23.24,23.01,23.48,22.59,981437.0,22633631.0
2018-02-14,23.01,22.68,23.11,22.4,361647.0,8224521.0
2018-02-22,22.48,23.69,23.7,22.48,1169521.0,27379137.0
2018-02-23,23.58,23.48,23.8,23.18,666921.0,15617380.0
2018-02-26,23.48,23.51,23.69,22.87,841270.0,19634092.0
2018-02-27,23.49,24.05,24.27,23.18,1933604.0,46139587.0
2018-02-28,23.8,23.98,24.17,23.45,1004843.0,23990829.0
2018-03-01,23.98,24.97,25.5,23.71,2400747.0,58960852.0
2018-03-02,24.67,25.09,25.8,24.54,2794092.0,70871388.0
2018-03-05,25.04,25.41,25.42,24.53,2178646.0,54525923.0
2018-03-06,25.16,25.47,26.13,25.16,1381421.0,35688450.0
2018-03-07,25.32,24.83,25.66,24.78,902562.0,22753380.0
2018-03-08,25.41,24.21,25.41,24.01,1843044.0,45000855.0
2018-03-09,24.02,25.45,25.96,24.02,2843441.0,71840286.0
2018-03-12,25.93,26.62,26.87,25.55,3426817.0,89901255.0
2018-03-13,26.71,27.01,27.88,26.46,2469768.0,67493130.0
2018-03-14,26.81,26.27,27.43,26.03,1139394.0,30460315.0
2018-03-15,25.97,26.11,26.57,25.07,1229415.0,31707245.0
2018-03-16,25.97,27.25,27.75,25.97,1714210.0,46572824.0
2018-03-19,27.29,28.33,28.68,27.29,2197168.0,61959493.0
2018-03-20,28.21,28.17,28.73,27.79,1293615.0,36624850.0
2018-03-21,27.95,28.06,28.48,27.59,1147293.0,32176343.0
2018-03-22,28.01,30.19,30.29,27.92,4199186.0,122342785.0
2018-03-23,29.32,28.9,30.19,28.4,2826918.0,82388725.0
2018-03-26,27.48,29.98,30.19,27.48,2619818.0,77139038.0
2018-03-27,30.0,31.79,32.29,30.0,3054768.0,96167292.0
2018-03-28,31.47,33.71,33.88,31.09,3633021.0,120054244.0
2018-03-29,33.72,32.6,33.76,31.75,2561868.0,83592615.0
2018-03-30,32.17,35.86,35.86,32.17,2579002.0,88831124.0
2018-04-02,36.07,35.36,38.31,34.41,3846864.0,137680684.0
2018-04-03,34.73,34.87,35.36,33.15,2513080.0,85990755.0
2018-04-04,34.67,33.58,35.71,33.29,2554001.0,86913899.0
2018-04-09,33.15,33.75,34.99,32.31,1930736.0,64770779.0
2018-04-10,33.77,33.39,34.14,32.17,2047880.0,67331952.0
2018-04-11,32.82,34.23,34.64,32.82,1724905.0,58643624.0
2018-04-12,34.08,32.91,34.57,32.79,871788.0,29266245.0
2018-04-13,32.86,33.36,33.92,32.86,849211.0,28448807.0
2018-04-16,33.02,36.24,36.52,32.79,2655499.0,93588981.0
2018-04-17,35.89,34.46,36.31,33.12,2038718.0,70169152.0
2018-04-18,34.48,37.17,37.53,33.53,3174348.0,115429314.0
2018-04-19,36.57,36.56,37.98,35.87,1341852.0,49522718.0
2018-04-20,36.71,34.66,37.28,34.01,1943024.0,68523404.0
2018-04-23,35.22,33.34,35.35,31.19,2411082.0,80688711.0
2018-04-24,33.34,34.23,34.55,32.46,1829490.0,61961704.0
2018-04-25,33.76,33.87,35.64,33.11,1743730.0,60032605.0
2018-04-26,33.87,35.14,37.26,33.6,3467399.0,123410872.0
2018-04-27,35.71,32.97,36.68,32.79,2538986.0,86392172.0
2018-05-02,33.76,32.47,33.76,31.85,1511604.0,49279013.0
2018-05-03,32.43,32.91,33.74,30.94,1438144.0,46567984.0
2018-05-04,32.98,33.59,34.19,32.49,1306439.0,43821983.0
2018-05-07,33.5,34.74,35.6,33.5,1570872.0,54638165.0
2018-05-08,35.13,34.83,35.7,34.43,1717108.0,60359333.0
2018-05-09,34.63,35.19,35.58,34.63,1232440.0,43227756.0
2018-05-10,35.06,34.17,35.26,33.62,1786237.0,61070314.0
2018-05-11,34.73,34.1,34.73,33.27,1173658.0,39710956.0
2018-05-14,34.05,35.46,36.64,33.92,1987438.0,70348184.0
2018-05-15,35.95,39.0,39.0,35.95,2049991.0,77924451.0
2018-05-16,38.73,38.97,39.02,37.91,1735561.0,66752518.0
2018-05-17,38.66,37.33,39.34,37.05,1278347.0,48763555.0
2018-05-18,37.23,38.35,38.49,37.14,935984.0,35488599.0
2018-05-21,38.34,40.11,40.34,37.79,1511529.0,59707460.0
2018-05-22,39.93,39.84,40.29,39.03,1152907.0,45770200.0
2018-05-23,39.55,42.42,42.53,39.16,1847745.0,76100513.0
2018-05-24,42.42,42.03,42.91,41.09,1458735.0,61179797.0
2018-05-25,41.81,42.27,42.71,39.45,1907302.0,78195879.0
2018-05-28,42.17,42.49,43.29,40.96,1107692.0,47003856.0
2018-05-29,41.75,39.52,42.32,38.5,2139429.0,86746364.0
2018-05-30,39.45,37.94,39.93,36.23,1846469.0,69824130.0
2018-05-31,37.63,38.38,38.86,37.63,921183.0,35313954.0
2018-06-01,38.44,37.1,38.61,36.26,1076057.0,40097748.0
2018-06-04,37.47,37.04,37.47,34.4,2012756.0,71954719.0
2018-06-05,36.77,37.64,37.99,36.1,819563.0,30657595.0
2018-06-06,37.22,38.55,38.61,37.22,1678590.0,64201298.0
2018-06-07,38.83,37.63,39.21,37.62,627161.0,24029567.0
2018-06-08,37.72,37.97,38.06,36.32,731911.0,27556001.0
2018-06-11,37.29,38.21,38.97,37.29,761842.0,29359358.0
2018-06-12,38.26,38.11,38.72,37.43,357689.0,13582098.0
2018-06-13,38.12,38.58,39.45,37.63,879375.0,34111915.0
2018-06-14,38.02,38.4,39.2,38.02,354148.0,13667545.0
2018-06-15,38.83,35.5,38.86,34.63,3116778.0,111676441.0
2018-06-19,35.12,34.75,35.31,33.03,1656027.0,56858109.0
2018-06-20,34.16,35.84,36.56,34.0,777535.0,27475891.0
2018-06-21,36.32,35.0,36.74,34.98,910175.0,32832379.0
2018-06-22,34.73,36.77,37.53,34.16,1009978.0,36925946.0
2018-06-25,37.52,36.55,37.76,35.19,993142.0,36884190.0
2018-06-26,36.08,39.19,39.24,35.43,1522764.0,58077191.0
2018-06-27,38.49,40.44,42.34,38.49,2283991.0,92679383.0
2018-06-28,40.04,39.61,40.82,39.49,585210.0,23461698.0
2018-06-29,39.38,42.28,42.63,39.28,1299419.0,53955018.0
2018-07-02,42.37,43.04,43.43,41.5,1440300.0,61574733.0
2018-07-03,42.82,45.55,45.66,41.96,1072010.0,47475645.0
2018-07-04,45.57,44.56,46.91,43.59,1647329.0,74600835.0
2018-07-05,44.74,43.7,45.32,42.46,1134965.0,50056896.0
2018-07-06,43.54,44.6,45.32,43.06,1129596.0,50298869.0
2018-07-09,46.56,44.91,48.3,41.04,2135511.0,93547493.0
2018-07-10,44.46,43.47,44.54,43.06,868808.0,37900426.0
2018-07-11,42.41,41.79,43.44,40.74,1685848.0,70195510.0
2018-07-12,41.96,42.55,43.59,41.86,1079034.0,46198146.0
2018-07-13,42.53,42.53,43.16,41.38,874896.0,36921407.0
2018-07-16,42.67,45.15,45.8,42.67,1749352.0,78000941.0
2018-07-17,45.46,44.91,45.46,43.88,690709.0,30957255.0
2018-07-18,44.98,44.0,45.46,43.88,623620.0,27772797.0
2018-07-19,44.26,42.66,44.31,42.44,588708.0,25265422.0
2018-07-20,42.71,43.24,43.48,41.89,510580.0,21898986.0
2018-07-23,43.63,44.49,45.26,42.84,954167.0,42601524.0
2018-07-24,44.5,44.65,45.84,43.89,943108.0,42515970.0
2018-07-25,44.65,43.25,45.22,42.48,1015468.0,44617822.0
2018-07-26,43.26,43.42,43.85,42.76,477278.0,20688458.0
2018-07-27,43.73,43.21,43.73,42.82,259576.0,11210247.0
2018-07-30,43.29,42.23,43.29,41.38,505908.0,21386149.0
2018-07-31,41.61,41.51,42.48,40.89,685708.0,28460872.0
2018-08-01,42.1,42.2,42.76,41.52,627712.0,26616182.0
2018-08-02,41.87,41.51,42.34,41.13,249535.0,10361104.0
2018-08-03,41.51,40.88,41.51,40.41,600057.0,24664091.0
2018-08-06,40.88,39.45,41.99,39.39,764678.0,30936518.0
2018-08-07,39.14,41.54,41.61,39.14,609220.0,24765443.0
2018-08-08,41.12,40.15,41.66,39.85,453919.0,18371174.0
2018-08-09,39.53,42.26,42.64,39.53,645735.0,26802006.0
2018-08-10,41.88,42.61,42.87,41.38,455819.0,19311534.0
2018-08-13,42.55,43.84,43.96,41.86,614674.0,26736070.0
2018-08-14,43.84,43.24,44.17,42.99,277210.0,12006881.0
2018-08-15,43.3,42.27,43.39,42.11,410644.0,17468153.0
2018-08-16,42.21,41.56,42.61,41.0,522079.0,21817128.0
2018-08-17,41.65,41.13,42.28,40.89,528766.0,21950909.0
2018-08-20,40.82,41.23,41.75,39.72,396895.0,16106752.0
2018-08-21,41.26,41.33,42.24,40.75,395005.0,16396965.0
2018-08-22,41.26,41.33,41.94,40.92,267217.0,11064672.0
2018-08-23,41.62,45.46,45.46,41.51,2095651.0,93008347.0
2018-08-24,45.46,44.22,45.7,44.17,1017939.0,45651180.0
2018-08-27,44.6,44.94,45.21,44.02,1266048.0,56526935.0
2018-08-28,44.94,46.86,48.11,44.45,1709209.0,79274178.0
2018-08-29,46.69,46.86,47.87,45.95,884798.0,41542891.0
2018-08-30,46.92,45.39,47.62,44.45,1211438.0,54785331.0
2018-08-31,45.17,44.98,46.04,44.69,603227.0,27422153.0
2018-09-03,45.07,45.95,46.03,43.29,839648.0,37572029.0
2018-09-04,45.71,46.64,47.73,45.22,1324735.0,61659941.0
2018-09-05,46.64,47.1,47.63,46.08,822411.0,38712283.0
2018-09-06,47.31,46.57,48.82,46.19,805801.0,38070936.0
2018-09-07,46.22,44.19,46.22,43.88,1621276.0,72389172.0
2018-09-10,43.97,43.31,44.48,42.36,1134025.0,49340613.0
2018-09-11,42.88,43.3,43.78,42.41,590367.0,25522618.0
2018-09-12,43.1,43.35,44.15,43.09,427239.0,18639621.0
2018-09-13,43.76,43.35,44.11,41.98,843521.0,36464103.0
2018-09-14,42.82,41.85,43.29,41.44,608453.0,25883713.0
2018-09-17,41.21,41.23,42.45,41.08,394232.0,16374676.0
2018-09-18,41.23,41.6,41.81,40.73,516966.0,21369756.0
2018-09-19,42.21,41.8,42.76,39.93,628138.0,26027673.0
2018-09-20,41.42,40.71,41.69,40.52,636405.0,26063072.0
2018-09-21,40.71,41.66,41.82,40.6,611115.0,25188010.0
2018-09-25,41.61,41.81,41.89,41.21,289732.0,12087531.0
2018-09-26,41.81,41.52,42.33,41.36,399244.0,16718622.0
2018-09-27,41.8,40.69,41.8,40.69,681116.0,27873120.0
2018-09-28,40.69,42.35,43.21,38.68,1576024.0,63519139.0
2018-10-08,41.85,41.18,41.85,40.43,456863.0,18749139.0
2018-10-09,40.91,41.19,41.61,40.56,582972.0,24078462.0
2018-10-10,41.19,40.11,41.76,39.26,1037696.0,41590249.0
2018-10-11,38.63,37.13,39.45,36.51,915787.0,34438237.0
2018-10-12,36.88,38.15,38.49,36.1,511414.0,18976611.0
2018-10-15,37.96,37.09,38.93,36.69,426491.0,16103397.0
2018-10-16,36.7,35.75,37.71,33.82,815248.0,29021310.0
2018-10-17,35.92,35.45,36.8,34.3,965813.0,34050140.0
2018-10-18,35.45,35.84,36.06,34.71,489402.0,17329345.0
2018-10-19,35.42,37.05,37.14,34.56,486812.0,17603031.0
2018-10-22,37.23,37.89,38.78,36.56,842575.0,31926405.0
2018-10-23,37.89,35.61,38.01,35.34,676903.0,24664401.0
2018-10-24,35.64,35.59,36.12,34.06,504370.0,17732950.0
2018-10-25,34.88,34.07,34.88,32.64,1619730.0,54351512.0
2018-10-26,34.15,32.71,34.54,31.88,1293025.0,42278202.0
2018-10-29,32.33,31.01,32.45,30.41,869124.0,27219162.0
2018-10-30,30.9,31.8,32.31,29.49,1363157.0,42111415.0
2018-10-31,32.03,32.37,33.61,30.79,1313522.0,42927465.0
2018-11-01,32.47,32.71,34.3,32.47,1221871.0,40867679.0
2018-11-02,33.75,33.28,34.4,32.92,1034580.0,34766535.0
2018-11-05,33.61,35.13,35.94,33.5,1372257.0,48141079.0
2018-11-06,35.36,33.89,35.36,33.18,836595.0,28359276.0
2018-11-07,34.05,34.25,35.34,33.67,742915.0,25674662.0
2018-11-08,34.06,33.81,34.77,33.68,528813.0,18017438.0
2018-11-09,33.73,33.34,34.13,33.04,457642.0,15288763.0
2018-11-12,33.09,34.05,34.16,32.48,858249.0,28512551.0
2018-11-13,33.53,33.83,34.54,33.14,768097.0,25861953.0
2018-11-14,34.16,35.14,35.36,33.74,896411.0,30979915.0
2018-11-15,34.56,35.51,35.65,34.41,902393.0,31675301.0
2018-11-16,35.84,36.13,36.28,35.36,807446.0,28972314.0
2018-11-19,36.25,36.03,36.35,35.73,311178.0,11220543.0
2018-11-20,35.98,35.44,35.98,35.13,385760.0,13706700.0
2018-11-21,34.88,35.07,35.52,34.73,299384.0,10505209.0
2018-11-22,34.89,34.97,35.6,34.88,283845.0,9969089.0
2018-11-23,35.27,33.97,35.27,33.73,485413.0,16663155.0
2018-11-26,34.06,32.72,34.24,32.65,552519.0,18295873.0
2018-11-27,33.15,33.43,33.68,32.82,482472.0,16104412.0
2018-11-28,33.59,33.19,33.62,32.88,376910.0,12515256.0
2018-11-29,33.19,32.77,33.62,32.72,472421.0,15728551.0
2018-11-30,32.78,32.17,32.82,31.37,541530.0,17348326.0
2018-12-03,32.71,33.26,34.54,32.23,1332777.0,44130103.0
2018-12-04,33.26,33.25,33.63,33.04,603262.0,20053960.0
2018-12-05,32.72,33.72,33.77,32.55,700309.0,23467740.0
2018-12-06,33.24,32.69,33.74,32.47,590305.0,19433791.0
2018-12-07,32.72,32.58,32.92,32.19,684625.0,22279418.0
2018-12-10,32.58,32.81,33.57,32.17,1582572.0,52167218.0
2018-12-11,32.77,32.76,32.94,32.34,512831.0,16753505.0
2018-12-12,33.06,33.1,33.19,32.64,447077.0,14744437.0
2018-12-13,33.19,33.24,33.44,33.04,465541.0,15482661.0
2018-12-14,33.12,33.15,33.57,32.59,507579.0,16816726.0
2018-12-17,32.96,32.47,32.96,31.66,507828.0,16401910.0
2018-12-18,32.52,32.22,32.63,31.75,642786.0,20746040.0
2018-12-19,32.53,31.48,32.53,31.41,392453.0,12455932.0
2018-12-20,31.56,31.42,31.73,30.81,738870.0,23021069.0
2018-12-21,31.1,31.37,31.8,30.56,975662.0,30616838.0
2018-12-24,31.37,32.01,32.29,31.06,600623.0,19152167.0
2018-12-25,31.28,32.79,33.2,31.27,918398.0,29619646.0
2018-12-26,32.86,34.06,34.35,32.53,884393.0,29694542.0
2018-12-27,34.53,33.84,34.53,33.68,793235.0,27013700.0
2018-12-28,34.58,34.78,34.82,33.23,1019001.0,34841655.0
2019-01-02,35.12,34.75,35.12,33.92,1192364.0,40984605.0
2019-01-03,33.71,33.14,34.52,32.91,550520.0,18436330.0
2019-01-04,33.29,36.4,36.4,32.43,1578221.0,54152828.0
2019-01-07,36.32,35.8,36.32,35.36,733067.0,26289623.0
2019-01-08,35.74,34.58,35.97,34.53,820139.0,28661986.0
2019-01-09,34.87,34.42,35.36,34.42,491973.0,17203303.0
2019-01-10,34.44,34.71,35.02,34.4,446376.0,15506422.0
2019-01-11,34.5,34.38,34.98,33.34,1007740.0,34196367.0
2019-01-14,34.35,33.68,34.35,33.36,407231.0,13737038.0
2019-01-15,33.22,33.87,34.25,33.22,626440.0,21036918.0
2019-01-16,34.01,35.65,36.07,33.81,1068917.0,37676977.0
2019-01-17,35.6,34.25,35.6,34.16,421320.0,14618522.0
2019-01-18,34.59,35.51,36.07,34.05,460145.0,16130039.0
2019-01-21,35.55,35.48,36.14,35.3,299823.0,10731465.0
2019-01-22,35.84,36.17,36.56,35.4,426780.0,15436026.0
2019-01-23,36.03,36.59,36.59,35.98,182398.0,6631841.0
2019-01-24,36.59,37.12,37.51,36.42,250372.0,9277038.0
2019-01-25,36.8,37.0,37.29,36.47,217619.0,8028833.0
2019-01-28,36.47,36.98,37.21,36.47,144196.0,5332370.0
2019-01-29,36.48,36.8,37.45,36.32,224276.0,8256971.0
2019-01-30,36.8,36.76,37.02,36.27,263629.0,9681289.0
2019-01-31,36.47,36.57,37.25,36.09,276394.0,10106770.0
2019-02-01,36.58,37.03,37.18,36.58,283165.0,10475438.0
2019-02-11,37.42,37.63,37.86,36.88,253316.0,9487270.0
2019-02-12,37.65,38.47,39.21,37.65,301845.0,11608759.0
2019-02-13,38.13,38.63,38.85,37.66,642260.0,24595140.0
2019-02-14,38.63,39.55,39.64,38.03,504798.0,19692351.0
2019-02-15,39.26,40.05,40.85,39.0,517001.0,20762944.0
2019-02-18,40.05,40.68,40.88,39.53,300783.0,12133555.0
2019-02-19,40.68,39.93,42.07,39.93,560763.0,22785540.0
2019-02-20,40.27,40.94,41.28,39.93,530426.0,21638852.0
2019-02-21,40.94,41.83,42.41,40.48,443078.0,18435658.0
2019-02-22,41.39,41.62,41.95,40.31,531125.0,21921681.0
2019-02-25,43.24,43.25,45.78,41.86,2642090.0,113904611.0
2019-02-26,42.82,42.02,42.82,41.87,1990250.0,84270665.0
2019-02-27,41.87,42.03,42.34,41.76,1022740.0,43059379.0
2019-02-28,41.81,42.68,43.16,41.78,599226.0,25492096.0
2019-03-01,42.39,42.44,43.3,41.28,1379137.0,57845265.0
2019-03-04,42.58,42.64,43.78,42.56,892994.0,38524346.0
2019-03-05,42.81,42.91,43.32,42.46,715597.0,30699347.0
2019-03-06,43.35,42.79,44.17,41.86,990777.0,42400595.0
2019-03-07,42.76,43.85,44.09,42.01,1529326.0,66428734.0
2019-03-08,43.16,41.69,44.38,41.52,1218383.0,52491675.0
2019-03-11,41.86,43.35,43.78,41.27,926500.0,39071178.0
2019-03-12,43.44,45.26,45.98,43.44,1334155.0,60248478.0
2019-03-13,45.9,44.02,46.91,43.78,1218264.0,55273675.0
2019-03-14,44.63,44.77,44.84,42.79,1005264.0,44194319.0
2019-03-15,44.75,44.1,45.32,43.9,582677.0,25830400.0
2019-03-18,43.94,45.18,45.22,43.51,823432.0,36731020.0
2019-03-19,45.41,45.75,47.24,45.25,1031088.0,47713849.0
2019-03-20,45.71,46.36,46.43,44.4,669131.0,30399945.0
2019-03-21,46.35,47.07,47.57,45.98,774551.0,36528388.0
2019-03-22,47.24,47.63,47.85,46.46,509483.0,24057743.0
2019-03-25,47.63,48.72,49.79,47.16,986682.0,47752305.0
2019-03-26,48.76,46.66,49.19,46.62,1062528.0,50394803.0
2019-03-27,46.64,47.73,47.73,46.19,577131.0,27201998.0
2019-03-28,48.03,47.47,48.58,46.4,527604.0,24902974.0
2019-03-29,48.12,49.99,50.12,47.25,1118559.0,54994127.0
2019-04-01,50.04,51.52,53.42,49.39,1362845.0,69406511.0
2019-04-02,51.57,51.13,51.86,50.52,947078.0,48429715.0
2019-04-03,51.38,50.58,51.38,50.04,727530.0,36729219.0
2019-04-04,50.47,47.49,50.9,47.16,2588281.0,124749010.0
2019-04-08,47.43,46.71,48.63,46.08,1479306.0,70177958.0
2019-04-09,46.16,46.56,47.09,45.85,1032414.0,47930697.0
2019-04-10,46.42,45.27,46.42,45.06,751934.0,34209695.0
2019-04-11,45.71,44.43,45.71,44.05,777689.0,34928141.0
2019-04-12,44.67,43.98,44.73,43.78,712315.0,31468956.0
2019-04-15,44.69,43.59,44.73,43.44,721916.0,31914196.0
2019-04-16,43.44,44.69,44.74,42.37,783655.0,34396113.0
2019-04-17,44.66,46.09,46.41,44.52,818341.0,37255545.0
2019-04-18,45.73,45.8,46.57,45.73,491529.0,22668818.0
2019-04-19,45.46,43.68,45.65,43.3,1230351.0,54112830.0
2019-04-22,43.89,44.01,44.25,43.64,638003.0,28035744.0
2019-04-23,43.93,44.65,45.62,43.6,942908.0,41942511.0
2019-04-24,44.65,45.81,45.94,44.31,662048.0,30064810.0
2019-04-25,46.13,46.89,47.63,45.43,1108229.0,52004638.0
2019-04-26,46.91,46.38,48.01,45.86,768265.0,36225985.0
2019-04-29,46.67,47.38,48.16,44.77,805138.0,37232370.0
2019-04-30,46.68,46.29,48.16,46.07,523054.0,24665158.0
2019-05-06,45.86,43.94,45.86,42.67,694182.0,30728385.0
2019-05-07,43.89,44.8,45.14,43.67,376504.0,16769203.0
2019-05-08,43.96,46.15,48.11,43.9,823656.0,38357643.0
2019-05-09,46.04,45.38,46.42,45.29,399981.0,18288844.0
2019-05-10,45.71,46.69,46.98,43.35,516517.0,23653491.0
2019-05-13,47.04,47.44,48.08,46.46,489240.0,23242720.0
2019-05-14,47.1,46.81,47.62,46.24,459384.0,21575946.0
2019-05-15,47.0,47.92,47.93,46.82,302635.0,14316278.0
2019-05-16,48.33,47.44,49.06,46.24,448332.0,21301783.0
2019-05-17,46.66,47.68,48.85,46.66,490153.0,23467878.0
2019-05-20,47.06,46.45,47.61,44.65,422176.0,19492340.0
2019-05-21,45.95,46.66,47.48,45.28,383031.0,17888526.0
2019-05-22,46.68,46.64,48.4,46.19,471774.0,22221409.0
2019-05-23,46.66,46.17,47.78,46.03,404997.0,18995494.0
2019-05-24,45.64,43.61,46.96,43.5,904222.0,40365786.0
2019-05-27,43.62,47.6,47.92,43.62,1281587.0,59393096.0
2019-05-28,47.49,46.83,47.49,46.21,925562.0,43217128.0
2019-05-29,46.71,45.96,46.81,45.74,563892.0,26012387.0
2019-05-30,45.89,45.12,45.89,43.64,756384.0,33751335.0
2019-05-31,44.92,44.79,45.6,44.48,343339.0,15495772.0
2019-06-03,44.58,44.33,45.5,44.08,378142.0,16848417.0
2019-06-04,44.84,44.34,44.92,43.5,619971.0,27533762.0
2019-06-05,44.63,44.71,45.27,44.21,242636.0,10859807.0
2019-06-06,44.25,43.63,45.19,43.24,432483.0,18889771.0
2019-06-10,43.73,44.05,44.19,43.5,269493.0,11847783.0
2019-06-11,43.88,45.0,45.06,43.71,366309.0,16365260.0
2019-06-12,45.37,44.84,45.37,44.57,246173.0,11059321.0
2019-06-13,44.64,44.68,45.15,44.22,215358.0,9628549.0
2019-06-14,44.68,43.78,45.6,43.51,514921.0,22938205.0
2019-06-17,43.78,43.92,44.49,43.52,304661.0,13406925.0
2019-06-18,44.21,45.01,45.35,43.53,491456.0,22026284.0
2019-06-19,46.19,45.75,46.71,45.32,468090.0,21539594.0
2019-06-20,46.14,47.69,47.71,45.81,727650.0,34314163.0
2019-06-21,49.47,48.9,49.47,47.63,1150337.0,56291997.0
2019-06-24,48.65,49.42,50.99,48.65,936161.0,46485390.0
2019-06-25,49.57,49.18,50.4,48.14,659299.0,32378383.0
2019-06-26,49.46,50.0,50.54,48.96,589067.0,29356261.0
2019-06-27,49.92,52.4,52.95,49.92,1265056.0,65759247.0
2019-06-28,52.77,52.91,52.94,51.74,619791.0,32464770.0
2019-07-01,53.62,51.92,54.19,51.76,1078509.0,56450128.0
2019-07-02,52.05,52.13,52.76,51.71,651069.0,33861819.0
2019-07-03,52.18,50.23,52.53,49.77,1230452.0,62037440.0
2019-07-04,51.04,49.88,51.04,48.55,918011.0,45593849.0
2019-07-05,50.26,49.22,50.26,48.9,701483.0,34644406.0
2019-07-08,49.2,47.93,49.92,47.53,920919.0,44494370.0
2019-07-09,47.93,47.85,48.85,47.11,976612.0,46843059.0
2019-07-10,48.15,47.78,48.39,47.56,502516.0,24076163.0
2019-07-11,47.99,47.38,47.99,47.0,725904.0,34421604.0
2019-07-12,47.56,46.93,47.63,46.64,521312.0,24536669.0
2019-07-15,47.06,48.6,48.96,46.22,1519677.0,72808493.0
2019-07-16,48.4,47.78,48.85,47.18,1043187.0,49810481.0
2019-07-17,47.75,48.28,48.36,47.21,456452.0,21958587.0
2019-07-18,48.05,47.47,48.06,47.44,407162.0,19400191.0
2019-07-19,47.11,47.69,47.91,47.11,285228.0,13568061.0
2019-07-22,47.49,47.55,48.33,46.37,523164.0,24819524.0
2019-07-23,47.14,48.83,49.05,46.94,773574.0,37398560.0
2019-07-24,48.57,49.2,49.85,48.37,662501.0,32696191.0
2019-07-25,49.52,48.89,49.77,48.42,488407.0,23950848.0
2019-07-26,48.19,48.83,49.06,47.9,410366.0,19916172.0
2019-07-29,49.39,49.03,49.39,48.7,288085.0,14131494.0
2019-07-30,48.7,50.04,50.19,48.57,552264.0,27498391.0
2019-07-31,50.04,49.89,50.41,49.46,213201.0,10623859.0
2019-08-01,49.56,49.08,49.8,48.99,317423.0,15650473.0
2019-08-02,48.25,48.88,49.37,47.54,451705.0,21986893.0
2019-08-05,48.6,47.21,49.42,47.21,678622.0,32588384.0
2019-08-06,46.49,47.27,47.76,45.64,798064.0,37349629.0
2019-08-07,47.43,46.8,47.96,46.64,241707.0,11386817.0
2019-08-08,46.8,46.68,47.41,46.35,467822.0,21818343.0
2019-08-09,47.04,45.35,47.04,45.0,859878.0,39277424.0
2019-08-12,45.35,46.64,46.82,44.58,502684.0,23012160.0
2019-08-13,46.92,46.42,48.09,45.82,417753.0,19566532.0
2019-08-14,46.76,48.15,49.13,46.76,1029905.0,49837357.0
2019-08-15,47.36,48.28,48.34,46.78,851918.0,40644779.0
2019-08-16,48.09,47.89,48.12,47.35,778845.0,37212092.0
2019-08-19,48.26,49.38,49.52,47.78,1177930.0,57652163.0
2019-08-20,49.56,48.84,50.27,48.76,746398.0,36717045.0
2019-08-21,49.18,48.78,49.18,48.17,467947.0,22736220.0
2019-08-22,48.7,48.11,48.84,47.85,461506.0,22212272.0
2019-08-23,48.11,48.43,48.63,47.74,490531.0,23662334.0
2019-08-26,47.78,47.71,48.1,47.08,319349.0,15235227.0
2019-08-27,47.86,49.03,49.13,47.53,1207481.0,58718513.0
2019-08-28,48.78,45.99,48.78,44.42,2612823.0,120155628.0
2019-08-29,45.78,48.64,48.76,45.57,1885796.0,89637284.0
2019-08-30,48.85,46.04,49.22,45.65,2054104.0,96035534.0
2019-09-02,45.65,47.18,47.66,45.28,1223963.0,56962106.0
2019-09-03,47.24,47.5,48.03,46.75,893674.0,42406403.0
2019-09-04,47.5,46.57,48.03,46.28,1368404.0,64074678.0
2019-09-05,46.71,46.78,47.49,45.92,2154442.0,100079803.0
2019-09-06,46.7,46.49,47.16,46.22,977415.0,45461348.0
2019-09-09,47.06,48.72,48.76,46.37,1823443.0,86967606.0
2019-09-10,48.97,49.5,49.67,48.07,2578319.0,126317583.0
2019-09-11,49.9,49.04,50.35,48.49,1734617.0,85252236.0
2019-09-12,49.03,49.03,49.42,48.4,812944.0,39817690.0
2019-09-16,49.13,50.38,51.2,49.12,1911501.0,95855169.0
2019-09-17,50.57,49.29,50.57,48.85,1144669.0,56771876.0
2019-09-18,49.69,49.9,50.12,48.63,943365.0,46552128.0
2019-09-19,49.9,50.64,50.84,49.35,1237326.0,62013834.0
2019-09-20,51.27,49.99,51.29,49.31,1187238.0,59351735.0
2019-09-23,49.65,49.03,49.92,48.41,1169218.0,57199229.0
2019-09-24,49.55,49.27,50.13,48.74,981421.0,48468914.0
2019-09-25,49.13,47.91,49.27,47.09,1480593.0,70995723.0
2019-09-26,47.78,46.37,48.85,46.12,2060063.0,97590769.0
2019-09-27,46.56,45.26,46.56,44.49,1667039.0,75546724.0
2019-09-30,45.57,45.27,45.6,44.5,962956.0,43446621.0
2019-10-08,44.94,45.25,46.69,44.92,1033842.0,47322568.0
2019-10-09,45.08,46.14,46.34,44.8,904808.0,41168156.0
2019-10-10,46.48,47.34,47.37,45.66,946334.0,44138188.0
2019-10-11,47.34,46.27,47.34,45.85,787302.0,36523654.0
2019-10-14,46.56,46.39,46.99,46.01,770807.0,35807724.0
2019-10-15,46.31,45.22,46.43,45.09,1344078.0,61092568.0
2019-10-16,45.28,45.3,45.55,44.97,991796.0,44865311.0
2019-10-17,45.62,45.0,45.62,44.57,782209.0,35256468.0
2019-10-18,45.0,44.24,45.72,43.53,1148301.0,51293352.0
2019-10-21,44.57,45.21,45.39,43.61,1101450.0,49120310.0
2019-10-22,45.62,46.71,46.71,45.26,1914535.0,88605069.0
2019-10-23,46.44,45.63,46.55,45.41,919096.0,42133592.0
2019-10-24,45.71,45.18,45.71,44.51,488958.0,22047971.0
2019-10-25,45.51,45.99,46.2,44.64,776321.0,35512018.0
2019-10-28,46.42,46.53,47.06,46.08,1150396.0,53702446.0
2019-10-29,46.0,46.19,46.47,44.23,1288995.0,59261412.0
2019-10-30,46.02,45.2,46.02,44.72,640535.0,29065532.0
2019-10-31,45.27,45.64,46.22,45.2,575521.0,26317087.0
2019-11-01,45.64,45.91,47.32,45.05,1514370.0,70186136.0
2019-11-04,45.62,45.12,45.99,44.35,1113339.0,50435637.0
2019-11-05,44.82,44.69,45.4,44.57,1124193.0,50363819.0
2019-11-06,44.69,44.92,45.03,44.07,1333643.0,59440097.0
2019-11-07,44.48,46.37,46.94,44.35,2466262.0,113652100.0
2019-11-08,46.62,47.19,47.34,46.41,1430161.0,67270222.0
2019-11-11,46.61,45.78,46.85,45.78,941302.0,43495795.0
2019-11-12,45.55,44.82,46.05,44.57,976923.0,43811095.0
2019-11-13,44.82,43.69,45.14,43.5,1831113.0,80544262.0
2019-11-14,43.91,42.85,44.2,42.56,1398308.0,60185236.0
2019-11-15,42.86,42.81,43.04,41.86,980638.0,41696607.0
2019-11-18,42.77,42.79,43.25,42.18,808524.0,34574721.0
2019-11-19,42.79,43.15,43.26,42.45,701120.0,30111952.0
2019-11-20,44.2,42.86,44.2,42.8,579481.0,25017602.0
2019-11-21,42.86,41.79,42.99,41.36,1073684.0,45137110.0
2019-11-22,41.93,40.43,41.93,39.99,1270400.0,51710703.0
2019-11-25,40.38,40.33,40.92,39.75,1018263.0,41231037.0
2019-11-26,40.08,39.58,40.71,39.38,1395369.0,55610009.0
2019-11-27,39.57,39.18,39.95,38.16,1726618.0,67216660.0
2019-11-28,39.03,37.82,39.13,37.47,1487407.0,56478370.0
2019-11-29,37.82,39.38,40.29,37.52,2268216.0,89479878.0
2019-12-02,39.53,39.03,40.04,38.63,1002311.0,39326185.0
2019-12-03,39.02,39.22,39.22,37.86,777760.0,29969910.0
2019-12-04,40.0,38.9,40.29,38.51,866773.0,33780252.0
2019-12-05,39.06,39.88,39.9,39.06,794983.0,31500366.0
2019-12-06,39.95,40.21,40.42,39.3,1185889.0,47446779.0
2019-12-09,40.36,39.94,40.62,39.34,1418368.0,56787773.0
2019-12-10,39.94,39.3,40.21,38.76,1453838.0,56962416.0
2019-12-11,39.51,38.44,39.51,38.29,1130982.0,43695426.0
2019-12-12,38.56,38.79,39.03,38.19,957175.0,37083521.0
2019-12-13,38.85,39.47,39.61,38.28,1261860.0,49451370.0
2019-12-16,39.21,41.77,41.86,39.13,2340721.0,94371808.0
2019-12-17,41.71,43.06,43.18,41.36,3853391.0,163678149.0
2019-12-18,42.82,42.79,42.93,41.39,2722071.0,114370765.0
2019-12-19,42.75,42.07,42.75,41.73,1213978.0,51093195.0
2019-12-20,42.07,41.68,42.42,41.15,1463577.0,60829719.0
2019-12-23,41.5,40.29,41.5,40.21,778402.0,31465019.0
2019-12-24,40.13,40.5,40.66,39.51,541298.0,21729069.0
2019-12-25,40.46,40.79,41.0,39.93,635002.0,25772622.0
2019-12-26,40.78,40.5,40.85,39.94,494196.0,19955208.0
2019-12-27,40.43,39.87,40.62,39.51,1226247.0,48892866.0
2019-12-30,39.86,39.31,39.86,38.71,699837.0,27447777.04
2019-12-31,39.31,41.72,41.93,39.18,2464511.0,100831905.83
2020-01-02,41.68,44.52,45.11,41.39,2832624.0,122995742.52
2020-01-03,44.48,44.71,44.92,43.79,1198156.0,53161149.24
2020-01-06,44.21,44.92,45.56,43.84,1055603.0,47185920.57
2020-01-07,45.2,46.43,47.28,44.93,1503823.0,69513563.27
2020-01-08,45.95,46.46,46.71,43.51,960244.0,44401382.13
2020-01-09,46.46,46.55,47.49,45.85,1141236.0,53488908.75
2020-01-10,46.68,46.49,47.06,45.87,645314.0,30008780.44
2020-01-13,46.38,47.26,47.31,46.29,860387.0,40378017.07
2020-01-14,47.78,48.99,49.51,47.43,1220552.0,59069726.98
2020-01-15,48.46,48.96,49.69,47.42,853876.0,41242636.0
2020-01-16,48.75,49.26,50.36,48.75,663241.0,32865317.49
2020-01-17,49.45,50.13,50.79,49.45,548476.0,27553759.14
2020-01-20,49.57,51.17,51.8,48.85,861147.0,43630886.5
2020-01-21,50.7,51.62,54.67,50.49,927408.0,48881866.05
2020-01-22,51.83,53.13,53.13,50.71,702966.0,36615798.42
2020-01-23,52.21,52.06,53.48,50.99,845044.0,44068124.12
2020-02-03,47.81,52.59,56.69,47.81,2846622.0,148461034.64
2020-02-04,54.39,57.85,57.85,50.63,2819952.0,157693869.24
2020-02-05,59.33,60.54,63.64,59.33,3360521.0,207475123.27
2020-02-06,60.43,63.45,65.25,59.4,3692883.0,232250202.7
2020-02-07,65.6,63.42,67.89,61.33,3359883.0,217924473.81
2020-02-10,62.75,62.35,63.65,60.61,2214330.0,137427540.68
2020-02-11,62.73,61.33,62.73,60.23,1847504.0,113006415.54
2020-02-12,61.04,62.08,64.18,60.4,2677201.0,166645975.24
2020-02-13,62.04,61.3,63.89,60.13,2122233.0,131495009.78
2020-02-14,61.33,60.33,62.17,60.04,2068919.0,126025327.78
2020-02-17,60.63,62.2,62.21,59.19,2074015.0,126750871.42
2020-02-18,61.68,63.3,64.06,60.4,2176809.0,135890457.45
2020-02-19,62.76,62.83,65.44,60.76,2545595.0,160416901.04
2020-02-20,62.74,61.78,63.96,61.04,1689716.0,104912648.69
2020-02-21,61.84,65.23,66.75,61.35,2246043.0,144581441.39
2020-02-24,64.89,65.8,66.67,63.75,1774739.0,115755072.86
2020-02-25,64.07,69.07,69.31,63.23,2523099.0,166924867.81
2020-02-26,67.6,63.69,68.81,62.19,1719798.0,112530408.12
2020-02-27,64.19,64.08,66.32,61.69,1183034.0,75612991.23
2020-02-28,60.63,60.61,62.74,59.07,1491906.0,90208118.2
2020-03-02,61.29,62.77,64.06,59.19,1230731.0,76179792.17
2020-03-03,63.84,61.95,64.53,61.17,1389741.0,87533835.03
2020-03-04,61.01,60.65,63.22,59.19,1512630.0,91531717.79
2020-03-05,61.68,60.14,63.07,58.9,1517295.0,91522601.52
2020-03-06,60.06,60.46,61.01,59.09,747940.0,45158387.15
2020-03-09,59.04,57.12,60.96,55.62,1474783.0,86061665.32
2020-03-10,55.79,58.87,59.76,55.79,1401201.0,81194891.2
2020-03-11,58.87,57.09,60.19,56.98,808162.0,46981753.47
2020-03-12,56.33,56.06,57.17,54.44,922660.0,51590041.32
2020-03-13,53.48,56.64,57.76,52.85,1464454.0,81532629.11
2020-03-16,57.5,52.93,57.97,52.93,909778.0,49821274.71
2020-03-17,54.35,53.13,54.39,51.27,1056557.0,56129917.44
2020-03-18,54.3,53.44,55.46,53.2,879847.0,47824887.11
2020-03-19,53.05,52.7,54.17,51.7,826571.0,43702376.39
2020-03-20,53.47,52.63,53.66,51.61,482886.0,25361594.5
2020-03-23,50.99,50.0,51.91,49.22,754729.0,38160372.64
2020-03-24,51.06,51.41,51.69,50.15,765925.0,39055553.8
2020-03-25,52.48,53.17,54.05,52.06,802345.0,42610748.85
2020-03-26,52.95,53.73,53.98,52.06,803121.0,42918802.24
2020-03-27,54.19,53.01,54.69,52.92,796356.0,42757622.38
2020-03-30,52.41,51.11,53.03,50.38,695729.0,35563694.74
2020-03-31,51.7,53.47,55.26,51.7,1016726.0,54661365.25
2020-04-01,53.31,55.11,55.57,52.14,1742656.0,94964902.14
2020-04-02,54.89,57.99,58.3,54.37,1917007.0,108397640.72
2020-04-03,57.58,55.64,58.28,55.46,1190851.0,67041929.46
2020-04-07,57.05,56.99,57.95,56.19,1251539.0,71248009.14
2020-04-08,56.95,56.62,57.61,56.05,924978.0,52483251.09
2020-04-09,57.18,58.21,58.3,56.48,531328.0,30585288.07
2020-04-10,58.19,56.78,58.31,56.52,554337.0,31707768.29
2020-04-13,56.78,56.31,57.03,54.2,1111700.0,62529327.7
2020-04-14,56.05,55.89,57.62,55.68,802890.0,45097103.58
2020-04-15,56.3,56.94,57.9,55.74,1013193.0,57686807.94
2020-04-16,56.54,56.35,57.6,55.64,728213.0,41067010.95
2020-04-17,56.6,56.9,58.3,56.58,809169.0,46470929.13
2020-04-20,57.04,59.12,59.19,56.93,935665.0,54484857.84
2020-04-21,58.59,58.17,59.5,57.4,727922.0,42321446.29
2020-04-22,57.37,57.62,58.17,56.68,491632.0,28226616.37
2020-04-23,58.2,58.05,58.41,56.66,769800.0,44381888.8
2020-04-24,57.59,56.22,58.08,55.62,681125.0,38489623.94
2020-04-27,55.62,59.74,60.1,55.28,1315110.0,76688809.55
2020-04-28,58.84,57.97,59.72,57.05,1114618.0,64786284.57
2020-04-29,57.25,58.33,58.41,56.46,806307.0,46307932.69
2020-04-30,58.35,58.12,60.97,57.77,1280116.0,75987879.98
2020-05-06,57.24,57.59,57.7,56.32,1043166.0,59486363.84
2020-05-07,57.76,58.18,58.39,56.69,678643.0,39076517.52
2020-05-08,59.02,64.0,64.0,59.02,2632042.0,164703047.67
2020-05-11,65.8,65.99,66.6,63.81,2099594.0,136943542.0
2020-05-12,64.87,64.15,65.0,63.0,1994215.0,127352955.63
2020-05-13,63.66,64.32,65.73,63.45,1123404.0,72458849.34
2020-05-14,65.21,65.6,66.03,64.01,942693.0,61613744.93
2020-05-15,65.67,65.6,67.48,64.89,1445997.0,95069098.09
2020-05-18,66.18,65.05,66.99,64.51,856742.0,56346129.64
2020-05-19,65.8,66.05,66.58,64.3,830078.0,54919427.46
2020-05-20,65.77,63.67,66.61,63.5,1023102.0,65975004.13
2020-05-21,65.49,62.0,65.49,61.51,1078829.0,67342967.1
2020-05-22,61.81,60.06,62.29,59.33,792665.0,47977204.27
2020-05-25,60.49,60.8,61.35,60.0,742306.0,45022817.22
2020-05-26,61.12,60.72,61.49,60.12,753078.0,45663901.8
2020-05-27,61.27,58.57,61.27,58.21,650780.0,38515394.84
2020-05-28,58.59,60.88,60.9,58.11,1202958.0,72101949.84
2020-05-29,60.4,61.33,61.78,59.13,728543.0,44302574.02
2020-06-01,61.5,62.99,63.15,61.17,976028.0,60939037.75
2020-06-02,63.0,63.31,63.63,61.8,895663.0,55930003.32
2020-06-03,63.02,63.27,63.77,62.52,457410.0,28889763.88
2020-06-04,63.52,63.3,63.52,62.12,333588.0,20911005.94
2020-06-05,63.3,63.0,64.48,62.41,419766.0,26400980.81
2020-06-08,62.87,62.72,65.69,62.51,1188153.0,75952397.5
2020-06-09,62.86,63.96,64.48,62.22,640744.0,40809357.0
2020-06-10,63.96,64.69,64.85,63.41,515171.0,33138740.43
2020-06-11,65.74,65.49,67.08,64.85,1282362.0,84326251.36
2020-06-12,64.02,65.5,65.7,64.02,686158.0,44619994.91
2020-06-15,65.24,63.39,66.36,63.11,874035.0,56317338.14
2020-06-16,64.1,64.24,64.75,62.8,608624.0,38882302.9
2020-06-17,64.88,67.5,68.09,63.77,1134216.0,74968598.7
2020-06-18,67.86,69.35,69.7,67.55,1055716.0,72561197.23
2020-06-19,68.99,68.8,70.2,68.22,1051899.0,72754401.2
2020-06-22,68.6,68.4,69.74,68.06,823024.0,56572782.87
2020-06-23,68.65,70.38,70.6,68.0,827779.0,57716229.34
2020-06-24,70.88,71.64,72.86,69.85,1357776.0,97002874.87
2020-06-29,71.45,71.88,74.5,70.63,1594901.0,115447061.02
2020-06-30,73.24,77.26,77.8,71.18,1418958.0,106523482.3
2020-07-01,77.99,76.3,77.99,74.11,1269962.0,95882145.31
2020-07-02,77.15,75.65,77.15,73.0,1588553.0,118846757.67
2020-07-03,75.51,74.39,76.0,73.14,1302228.0,96469137.48
2020-07-06,74.53,75.0,75.2,73.23,1772086.0,131651044.33
2020-07-07,75.99,78.38,79.64,74.14,1687720.0,128538715.88
2020-07-08,77.09,78.0,78.78,75.38,1200478.0,92361751.85
2020-07-09,77.29,80.63,81.9,76.81,1661703.0,131074695.72
2020-07-10,79.61,78.9,80.59,78.0,1224760.0,96486615.57
2020-07-13,78.71,79.53,79.99,77.66,994180.0,78559878.09
2020-07-14,79.21,78.03,79.88,76.0,1100764.0,85352799.33
2020-07-15,78.03,76.91,80.25,76.88,1694480.0,133039011.67
2020-07-16,77.56,74.0,79.52,73.22,2028321.0,156202092.87
2020-07-17,74.18,76.07,76.8,73.0,968693.0,73117523.71
2020-07-20,76.92,76.27,77.96,75.05,1215088.0,92915652.96
2020-07-21,76.3,80.01,80.6,75.5,1268960.0,99931968.39
2020-07-22,80.95,83.9,84.7,78.55,1496899.0,124035007.01
2020-07-23,83.1,80.74,84.16,79.1,1246802.0,100918004.18
2020-07-24,80.74,77.76,81.73,77.49,1215431.0,95791244.37
2020-07-27,85.54,85.54,85.54,85.54,639362.0,54691025.48
2020-07-28,91.49,86.7,91.5,84.82,2462158.0,215207349.7
2020-07-29,85.85,84.95,86.0,83.45,1684010.0,143012189.05
2020-07-30,85.5,84.3,85.75,81.41,1527502.0,127597280.05
2020-07-31,83.8,83.24,85.5,82.37,947809.0,79429847.58
2020-08-03,84.31,83.66,84.87,81.6,1134599.0,94151901.02
2020-08-04,83.19,83.33,85.36,81.88,1087279.0,90829777.13
2020-08-05,83.59,83.7,85.5,83.01,981294.0,82201341.78
2020-08-06,83.3,88.68,90.5,82.06,2281595.0,197589250.41
2020-08-07,86.77,94.52,95.87,86.77,2149469.0,197698867.13
2020-08-10,95.0,93.63,98.88,92.0,1310989.0,124128737.11
2020-08-11,95.39,96.4,99.85,93.64,1571757.0,153014339.74
2020-08-12,96.4,89.7,97.74,89.22,1981672.0,181444409.54
2020-08-13,90.57,88.05,91.98,87.6,1060962.0,94469796.35
2020-08-14,88.31,96.32,96.86,87.0,1312473.0,121271560.22
2020-08-17,95.93,96.07,97.33,92.38,1188151.0,113138661.77
2020-08-18,95.71,97.9,99.51,95.71,811205.0,79161279.27
2020-08-19,99.19,98.08,101.79,97.02,1069028.0,106145402.64
2020-08-20,98.05,98.41,100.08,96.5,614410.0,60490636.51
2020-08-21,99.44,105.0,105.66,98.31,1146286.0,118191913.31
2020-08-24,104.99,107.07,108.88,103.6,982999.0,104662602.33
2020-08-25,107.08,105.67,108.0,101.18,1208592.0,126122000.0
2020-08-26,106.05,103.98,109.59,103.46,1157935.0,122465926.27
2020-08-27,106.4,104.9,107.4,103.89,1371384.0,144733793.15
2020-08-28,104.71,103.9,105.49,101.04,1385268.0,142512864.56
2020-08-31,104.24,102.0,105.5,101.91,1246536.0,128622512.84
2020-09-01,101.55,103.19,103.89,100.72,889500.0,90757694.16
2020-09-02,102.1,104.4,108.0,102.1,1250876.0,131769190.62
2020-09-03,104.93,103.99,104.93,100.11,1233737.0,126022852.04
2020-09-04,100.98,101.8,102.5,96.35,1472745.0,146822179.63
2020-09-07,102.2,101.0,104.66,100.95,728544.0,74935990.2
2020-09-08,100.49,99.52,102.44,99.0,877819.0,88078939.84
2020-09-09,98.02,93.18,99.1,92.23,1837227.0,173809591.47
2020-09-10,94.11,93.5,95.96,92.0,1157521.0,108732089.41
2020-09-11,91.96,95.0,95.0,91.1,1067259.0,99743692.09
2020-09-14,94.66,96.5,97.95,93.07,609420.0,58544892.74
2020-09-15,96.5,97.07,97.98,95.0,671115.0,64680294.27
2020-09-16,96.75,94.63,97.06,93.12,584218.0,55366992.93
2020-09-17,94.87,95.87,96.48,93.48,566105.0,53881405.32
2020-09-18,96.11,94.01,96.49,93.51,460910.0,43509077.54
2020-09-21,93.0,91.95,94.24,91.56,458200.0,42317204.0
2020-09-22,91.97,91.19,92.82,90.58,412462.0,37807098.39
2020-09-23,91.34,91.74,92.99,90.39,588941.0,53756687.88
2020-09-24,91.75,89.31,92.48,88.66,464234.0,41767605.76
2020-09-25,91.86,89.77,91.86,88.01,514153.0,46022212.65
2020-09-28,89.83,89.69,91.41,87.33,627695.0,56114075.08
2020-09-29,91.2,88.75,91.5,88.5,451184.0,40443932.88
2020-09-30,88.51,89.48,92.98,88.23,484396.0,43801239.63
2020-10-09,90.37,88.98,91.33,88.23,629211.0,56108731.34
2020-10-12,89.39,91.05,95.98,89.35,1018755.0,92413643.49
2020-10-13,90.01,100.16,100.16,88.76,1245820.0,118791867.82
2020-10-14,99.77,96.87,99.77,93.02,1835534.0,176276383.25
2020-10-15,96.47,97.0,98.38,94.5,741644.0,71497250.11
2020-10-16,97.22,95.42,99.5,93.5,837420.0,80166416.99
2020-10-19,95.01,91.37,95.72,90.14,764413.0,70471656.72
2020-10-20,91.5,92.35,92.35,90.2,291865.0,26688564.95
2020-10-21,92.67,94.81,95.89,91.52,706732.0,66404095.46
2020-10-22,94.29,90.03,94.85,89.47,574163.0,52353927.27
2020-10-23,90.05,92.4,93.68,88.92,640872.0,59218088.29
2020-10-26,91.5,92.24,93.29,89.29,365452.0,33456702.68
2020-10-27,92.59,91.03,93.0,90.32,341174.0,31103750.92
2020-10-28,90.23,91.44,91.88,89.73,302010.0,27369402.47
2020-10-29,90.33,91.1,91.76,88.9,454745.0,40988471.95
2020-10-30,91.37,92.23,93.95,90.15,572854.0,53025376.85
2020-11-02,92.48,93.82,94.07,89.88,681439.0,62988810.2
2020-11-03,93.0,93.99,94.15,90.88,914436.0,84725192.06
2020-11-04,95.87,96.14,96.8,92.21,745549.0,71012687.82
2020-11-05,96.91,97.0,97.69,95.52,521681.0,50480967.46
2020-11-06,97.0,96.7,97.94,96.0,323284.0,31192299.92
2020-11-09,96.38,97.9,97.99,95.83,465357.0,45176426.07
2020-11-10,97.51,97.99,101.5,95.28,578912.0,57257672.29
2020-11-11,97.93,99.15,101.98,97.23,433793.0,43157531.77
2020-11-12,99.77,98.01,99.77,97.51,260542.0,25703358.68
2020-11-13,98.01,98.06,99.33,97.5,267238.0,26215180.2
2020-11-16,98.98,99.41,99.88,97.65,193709.0,19159530.83
2020-11-17,98.98,99.67,101.32,98.0,420391.0,41894087.52
2020-11-18,98.68,103.42,104.3,98.34,555929.0,56922612.48
2020-11-19,103.99,105.5,106.9,103.31,462646.0,48651020.56
2020-11-20,106.06,105.4,108.98,104.4,408646.0,43522119.87
2020-11-23,105.0,102.68,106.44,101.8,436726.0,45019165.79
2020-11-24,102.68,101.86,103.0,100.69,317812.0,32453007.72
2020-11-25,102.07,98.8,102.07,98.6,282654.0,28205364.74
2020-11-26,98.8,97.0,99.97,95.77,357995.0,34862238.54
2020-11-27,96.01,93.94,96.8,93.28,331082.0,31216053.01
2020-11-30,93.92,92.08,94.9,90.53,472425.0,43629767.13
2020-12-01,92.8,94.78,95.99,92.02,474641.0,44964137.95
2020-12-02,94.78,94.52,95.95,94.1,240718.0,22790549.16
2020-12-03,94.27,94.37,94.79,93.12,218716.0,20594722.08
2020-12-04,94.45,93.65,95.21,93.2,205295.0,19307727.71
2020-12-07,93.25,93.68,94.5,93.01,187893.0,17583383.42
2020-12-08,93.02,94.24,94.6,92.6,261620.0,24532189.05
2020-12-09,94.24,96.21,96.88,93.11,240611.0,22852336.48
2020-12-10,96.2,94.03,96.2,92.9,281039.0,26339603.32
2020-12-11,93.02,94.55,95.82,91.61,539726.0,50339314.83
2020-12-14,95.52,96.18,96.8,93.57,278552.0,26671561.79
2020-12-15,96.37,93.71,97.7,93.02,395900.0,37475030.0
2020-12-16,93.03,94.99,95.5,93.03,198072.0,18761501.19
2020-12-17,95.02,95.35,95.5,92.88,327085.0,30771460.38
2020-12-18,95.17,95.08,95.93,93.67,340614.0,32255259.62
2020-12-21,94.88,96.67,97.1,94.05,281240.0,27060445.15
2020-12-22,96.31,95.0,96.91,94.37,301336.0,28813761.41
2020-12-23,94.22,93.93,95.48,93.24,346327.0,32553618.11
2020-12-24,93.95,92.21,94.44,89.5,855452.0,78794505.42
2020-12-25,92.0,91.0,92.21,90.0,574545.0,52232080.7
2020-12-28,90.44,90.91,92.89,90.37,560621.0,51292413.17
2020-12-29,91.05,95.8,96.33,91.05,925563.0,86927503.74
2020-12-30,96.0,98.78,99.0,96.0,664857.0,65103676.2
2020-12-31,98.78,100.96,101.49,98.78,463603.0,46617810.39
2021-01-04,100.78,101.99,102.5,99.04,649165.0,65898038.23
2021-01-05,101.0,101.8,102.59,100.58,427792.0,43468678.24
2021-01-06,101.99,100.34,103.8,100.0,396207.0,40076785.83
2021-01-07,99.99,96.81,101.09,91.0,652934.0,63886512.22
2021-01-08,97.1,94.0,98.2,93.41,613254.0,58288872.0
2021-01-11,94.05,94.69,96.99,93.13,338663.0,32212590.48
2021-01-12,96.5,94.6,97.0,93.6,353300.0,33527260.84
2021-01-13,94.63,94.48,96.66,93.67,374815.0,35509416.86
2021-01-14,93.75,93.02,95.98,92.47,339744.0,31911880.86
2021-01-15,92.0,95.07,95.4,92.0,384534.0,36224356.14
2021-01-18,94.8,99.62,99.88,94.07,588999.0,57561871.05
2021-01-19,98.88,93.58,100.49,92.99,879313.0,83912485.67
2021-01-20,93.58,91.74,93.58,91.08,517769.0,47508383.87
2021-01-21,90.52,92.04,92.95,89.8,864957.0,79001741.8
2021-01-22,91.8,90.9,91.86,90.0,328080.0,29783097.62
2021-01-25,91.56,89.5,91.6,89.11,408726.0,36792724.01
2021-01-26,89.6,90.89,93.02,88.9,444405.0,40201923.16
2021-01-27,90.9,89.02,90.9,89.0,354634.0,31739852.17
2021-01-28,88.51,89.22,90.5,88.4,295838.0,26516575.85
2021-01-29,96.8,93.29,96.8,91.01,1069760.0,99528331.88
2021-02-01,89.5,91.74,92.75,87.6,855816.0,77395425.66
2021-02-02,90.01,92.2,92.98,89.85,401030.0,36874423.2
2021-02-03,92.56,98.32,99.0,92.56,1426726.0,138442160.75
2021-02-04,98.3,91.79,98.77,90.87,989575.0,92463135.52
2021-02-05,91.57,94.68,95.88,90.0,880372.0,82280398.01
2021-02-08,93.29,94.12,95.1,91.81,487766.0,45626797.63
2021-02-09,94.13,93.9,95.43,93.01,487154.0,45757191.35
2021-02-10,93.03,92.16,93.9,92.05,372756.0,34537380.03
2021-02-18,92.79,90.39,93.88,90.0,663973.0,60364723.66
2021-02-19,89.03,88.52,90.68,88.2,684407.0,61021545.25
2021-02-22,88.49,89.4,89.48,87.0,775159.0,68563849.89
2021-02-23,88.0,90.8,90.88,87.5,537524.0,48289323.88
2021-02-24,91.31,88.05,91.31,86.9,895155.0,79330715.58
2021-02-25,88.32,89.97,90.92,88.32,393927.0,35445594.55
2021-02-26,88.88,90.0,90.68,88.54,682402.0,61216090.25
2021-03-01,90.62,92.22,94.49,90.62,746114.0,69285869.51
2021-03-02,92.87,93.59,95.25,92.32,727034.0,68377399.83
2021-03-03,93.22,93.3,94.44,92.0,377611.0,35192098.22
2021-03-04,92.77,90.99,93.87,90.0,600349.0,54826844.89
2021-03-05,91.26,93.94,94.25,91.26,591300.0,55096839.58
2021-03-08,94.5,90.01,94.79,90.01,824909.0,75464660.59
2021-03-09,90.59,83.74,90.59,83.41,1176345.0,101313986.16
2021-03-10,84.9,84.0,86.3,83.75,506501.0,43204894.66
2021-03-11,84.02,83.47,85.3,80.35,707319.0,58642954.01
2021-03-12,83.52,82.01,84.29,80.5,448541.0,36765444.82
2021-03-15,81.47,80.29,81.7,77.08,947582.0,75639298.67
2021-03-16,80.76,81.39,81.69,79.01,557918.0,44970907.37
2021-03-17,81.42,80.15,81.88,80.0,443180.0,35782407.0
2021-03-18,80.42,80.54,82.0,80.15,361385.0,29231372.19
2021-03-19,80.0,81.34,81.8,78.67,437309.0,35319210.57
2021-03-22,81.29,81.46,83.26,80.44,434856.0,35499466.23
2021-03-23,81.45,84.45,85.29,81.04,622498.0,52222110.64
2021-03-24,84.46,85.23,86.25,84.03,389886.0,33338831.14
2021-03-25,85.37,86.74,86.95,84.3,227449.0,19577736.59
2021-03-26,87.99,86.79,87.99,85.83,347964.0,30170069.0
2021-03-29,86.99,87.0,88.54,85.65,346339.0,30156575.9
2021-03-30,88.99,86.85,88.99,86.58,294893.0,25654375.3
2021-03-31,86.58,91.02,92.85,86.58,1248284.0,113421105.24
2021-04-01,92.43,94.99,96.99,92.21,1247115.0,119125989.31
2021-04-02,94.52,94.38,96.56,93.46,837377.0,79493848.2
2021-04-06,94.5,95.79,96.3,94.01,623151.0,59599037.74
2021-04-07,95.24,95.79,96.89,95.24,677336.0,65009526.84
2021-04-08,95.12,95.38,96.0,94.5,427698.0,40814599.36
2021-04-09,96.16,96.28,96.6,93.33,614310.0,59071031.23
2021-04-12,95.57,95.12,96.49,94.15,514399.0,48979352.56
2021-04-13,95.74,94.71,95.85,93.08,431822.0,40842735.86
2021-04-14,95.77,95.73,95.8,93.49,447692.0,42488771.87
2021-04-15,95.35,94.65,95.98,94.11,277998.0,26354900.58
2021-04-16,95.32,94.3,96.0,94.0,303606.0,28772685.83
2021-04-19,94.02,95.56,96.46,93.2,528641.0,50179937.81
2021-04-20,94.63,96.18,96.68,94.07,742037.0,71085094.28
2021-04-21,96.25,95.68,96.48,95.0,393328.0,37565791.99
2021-04-22,95.69,95.45,96.5,95.0,458633.0,43770982.08
2021-04-23,94.71,94.7,95.86,94.4,412449.0,39159887.72
